<?xml version="1.0" encoding="UTF-8"?>
<addon id="repository.maverickrepo" name="[COLOR lime]MaverickTV Repo[/COLOR]" version="1.5" provider-name="Maverick TV">
<extension point="xbmc.addon.repository" name="[COLOR lime]MaverickTV Repo[/COLOR]">
		<info compressed="false">http://mavericktv.net/mavrepo/plugins/addons.xml</info>
		<checksum>http://mavericktv.net/mavrepo/plugins/addons.xml.md5</checksum>
		<datadir zip="true">http://mavericktv.net/mavrepo/plugins/</datadir>
	</extension>
	<extension point="xbmc.addon.metadata">
		<summary>The MaverickTV Repository v1.3</summary>
		<description>The MaverickTV Repository for add-on and dependencies</description>
		<platform>all</platform>
	</extension>
</addon>