<?xml version="1.0" encoding="UTF-8" standalone="yes"?>
<addon id="plugin.video.sportie" 
         name="Sportie" 
         version="1.66"
         provider-name="Echo Coder">
  <requires>
    <import addon="xbmc.python" version="2.1.0"/>
	<import addon="script.module.httplib2" />
    <import addon="script.module.simplejson" />
    <import addon="script.module.liveresolver" />
    <import addon="script.module.urlresolver" />
    <import addon="script.video.F4mProxy" />
    <import addon="plugin.video.f4mTester" />
    <import addon="plugin.video.SportsDevil" />
    <import addon="program.plexus" version="0.1.4" optional="true"/>
  </requires>
  <extension point="xbmc.python.pluginsource" library="default.py">
        <provides>video</provides>
  </extension> 
  <extension point="xbmc.addon.metadata">
    <platform>all</platform>
    <summary lang="en">Support at: http://www.tvaddons.ag/forums</summary>
    <description lang="en">Sportie is a multi scraping/playlist sports addon that scrapes numerous websites to bring you the most up to date streams every time you use the addon!</description>
    <disclaimer lang="en">Sportie does not host any of the streams provided within the adon.</disclaimer>
    <language></language>
    <platform>all</platform>
    <license>GNU GENERAL PUBLIC LICENSE. Version 2, June 1991</license>
    <forum>http://tvaddons.ag/forums</forum>
    <website>http://tvaddons.ag</website>
    <email>echocoder@protonmail.com</email>
    <assets>
        <icon>icon.png</icon>
        <fanart>fanart.jpg</fanart>
    </assets>
  </extension>
</addon>