﻿<?xml version="1.0" encoding="UTF-8"?>
<addon id="plugin.video.veetle" version="0.3.5" name="Veetle" provider-name="fightnight (creator: t0mm0)">    
	<requires>
        <import addon="xbmc.python" version="2.1.0"/>
        <import addon="script.module.simplejson" version="2.0.10"/>
        <import addon="script.common.plugin.cache" version="1.3.0"/>
	<import addon="repository.supremacy" />
    </requires>
    <extension point="xbmc.python.pluginsource" library="default.py">
        <provides>video</provides>
    </extension>
    <extension point= "xbmc.addon.metadata">
	<summary lang="en">Browse and stream from veetle.com</summary>
	<description lang="en">Enables watching streams on veetle.com that are flash enabled.</description>
        <disclaimer lang="en">Does not work for 'HD' streams which require a software download.</disclaimer>
        <platform>all</platform>
    </extension>
</addon>

