Start of file inside kodi

<item>
	<title>[I][COLOR gold]21-Jun-2018 - [COLOR gold]Main Sports Events[/COLOR][/I]</title>
	<link>ignoreme</link>
	<thumbnail>https://i.imgur.com/FZ1wlg4.png</thumbnail>
	<fanart>https://i.imgur.com/qXPUn77.jpg</fanart>
</item>

<item>
	<title>[COLOR red]19:00 (BST) - [COLOR white]Argentina vs Croatia ---- BE[COLOR FFff8397b0][I] (Fotboll )[/I][/COLOR]</title>
	<link>http://31.220.3.140:1935/tv/KSUYkYW34v20180501/chunklist_w1168373230_tkaGxzZW5kdGltZT0xNTI5NjEwNTQwJmhsc3N0YXJ0dGltZT0wJmhsc2hhc2g9OFlkLXIxcWZFOW5VVUNSbnliQVJEWnJrWWVtRWFSaHk3ek1HMkdERVg4dz0=.m3u8</link>
	<thumbnail>https://i.ebayimg.com/images/g/X-8AAOxyNmZTj3tF/s-l300.jpg</thumbnail>
	<fanart>https://i.imgur.com/qXPUn77.jpg</fanart>
</item>

<item>
	<title>[COLOR red]19:00 (BST) - [COLOR white]Argentina vs Croatia ---- BE HD[COLOR FFff8397b0][I] (Fotboll )[/I][/COLOR]</title>
	<link>https://live-vrt.akamaized.net/groupc/live/8edf3bdf-7db3-41c3-a318-72cb7f82de66/live_aes.isml/playlist.m3u8</link>
	<thumbnail>https://i.ebayimg.com/images/g/X-8AAOxyNmZTj3tF/s-l300.jpg</thumbnail>
	<fanart>https://i.imgur.com/qXPUn77.jpg</fanart>
</item>

<item>
	<title>[COLOR red]19:00 (BST) - [COLOR white]Argentina vs Croatia ---- ES[COLOR FFff8397b0][I] (Fotboll )[/I][/COLOR]</title>
	<link>http://31.220.2.107:1935/tv/kmGAZ7cKXb20180614/chunklist_w1376180489_tkaGxzZW5kdGltZT0xNTI5NjEwNjAwJmhsc3N0YXJ0dGltZT0wJmhsc2hhc2g9azllM3FCV3pkNHd2bnFxZTBHLXVEUW5UUnRnR09oRFRiME5aTDZkbDViVT0=.m3u8</link>
	<thumbnail>https://i.ebayimg.com/images/g/X-8AAOxyNmZTj3tF/s-l300.jpg</thumbnail>
	<fanart>https://i.imgur.com/qXPUn77.jpg</fanart>
</item>

<item>
	<title>[COLOR red]19:00 (BST) - [COLOR white]Argentina vs Croatia ---- ENG[COLOR FFff8397b0][I] (Fotboll )[/I][/COLOR]</title>
	<link>http://31.220.0.117:1935/tv/dTRFGtTik820180331/chunklist_w2109119848_tkaGxzZW5kdGltZT0xNTI5NjEwNTQwJmhsc3N0YXJ0dGltZT0wJmhsc2hhc2g9T3paZFoyMUpIcnZDNHV4eWRkUjJiUTRwMEZyaHNWTzUzVHdzWFpJSS0tND0=.m3u8</link>
	<thumbnail>https://i.ebayimg.com/images/g/X-8AAOxyNmZTj3tF/s-l300.jpg</thumbnail>
	<fanart>https://i.imgur.com/qXPUn77.jpg</fanart>
</item>

<item>
	<title>[COLOR red]19:00 (BST) - [COLOR white]Argentina vs Croatia ---- ENG HD[COLOR FFff8397b0][I] (Fotboll )[/I][/COLOR]</title>
	<link>https://d3p2nf0fu806e0.cloudfront.net/index.m3u8</link>
	<thumbnail>https://i.ebayimg.com/images/g/X-8AAOxyNmZTj3tF/s-l300.jpg</thumbnail>
	<fanart>https://i.imgur.com/qXPUn77.jpg</fanart>
</item>

<item>
	<title>[COLOR red]19:00 (BST) - [COLOR white]Argentina vs Croatia ---- SWE[COLOR FFff8397b0][I] (Fotboll )[/I][/COLOR]</title>
	<link>http://31.220.0.176:1935/tv/6sA7q9OZTs20180401/chunklist_w449356382_tkaGxzZW5kdGltZT0xNTI5NjEwNjAwJmhsc3N0YXJ0dGltZT0wJmhsc2hhc2g9Mm10bnRHaWtmcFpGRnJpT2x4d3FCT21mQWp4QXAzQ2lYT05LZXFzVUJ3ST0=.m3u8</link>
	<thumbnail>https://i.ebayimg.com/images/g/X-8AAOxyNmZTj3tF/s-l300.jpg</thumbnail>
	<fanart>https://i.imgur.com/qXPUn77.jpg</fanart>
</item>

<item>
	<title>[COLOR red]19:00 (BST) - [COLOR white]Argentina vs Croatia ---- NL[COLOR FFff8397b0][I] (Fotboll )[/I][/COLOR]</title>
	<link>http://162.212.178.164/telearagua/EEZHERHRg/index.m3u8</link>
	<thumbnail>https://i.ebayimg.com/images/g/X-8AAOxyNmZTj3tF/s-l300.jpg</thumbnail>
	<fanart>https://i.imgur.com/qXPUn77.jpg</fanart>
</item>

<item>
	<title>[COLOR red]20:30 (BST) - [COLOR white]Golf PGA Tour[COLOR FFff8397b0][I] (Golf )[/I][/COLOR]</title>
	<link>http://198.1.117.5:1935/live/RGHERH80614/index.m3u8</link>
	<thumbnail>https://upload.wikimedia.org/wikipedia/en/e/ed/PGAT_master_cmyk.png</thumbnail>
	<fanart>https://i.imgur.com/qXPUn77.jpg</fanart>
</item>

<item>
	<title>[COLOR red]20:50 (BST) - [COLOR white]TV Show : Voetbal Inside Oranje blijft thuis[COLOR FFff8397b0][I] (TV Show )[/I][/COLOR]</title>
	<link>http://155.247.167.212/tutvlive/vi/index.m3u8</link>
	<thumbnail>http://4.bp.blogspot.com/-PrmF0RvIL5U/ViDDviPWLjI/AAAAAAAAAtc/UMrBb0KMVTY/s1600/voet%2B%2528230%2Bx%2B180%2529.jpg</thumbnail>
	<fanart>https://i.imgur.com/qXPUn77.jpg</fanart>
</item>

<item>
	<title>[I][COLOR gold]21-Jun-2018 - [COLOR gold]Racing Events[/COLOR][/I]</title>
	<link>ignoreme</link>
	<thumbnail>https://i.imgur.com/FZ1wlg4.png</thumbnail>
	<fanart>https://i.imgur.com/qXPUn77.jpg</fanart>
</item>

